t,start,end,angle,span_years
2001.166667,1994.083333,2001.166667,46.824973,7.083333
2001.250000,1994.166667,2001.250000,35.673074,7.083333
2001.333333,1994.250000,2001.333333,35.434815,7.083333
2001.416667,1994.333333,2001.416667,35.754837,7.083333
2001.583333,1994.583333,2001.583333,34.673816,7.000000
2001.750000,1994.666667,2001.750000,34.095985,7.083333
2001.833333,1994.833333,2001.833333,32.522670,7.000000
2001.916667,1995.083333,2001.916667,33.491875,6.833333
2002.000000,1995.166667,2002.000000,33.397950,6.833333
2002.166667,1995.333333,2002.166667,33.782522,6.833333
2002.333333,1995.500000,2002.333333,34.048070,6.833333
2002.583333,1995.583333,2002.583333,36.507025,7.000000
2002.833333,1995.666667,2002.833333,36.776608,7.166667
2003.000000,1995.833333,2003.000000,36.976926,7.166667
2003.333333,1995.916667,2003.333333,39.194355,7.416667
2003.416667,1996.000000,2003.416667,37.736440,7.416667
2003.583333,1996.166667,2003.583333,38.078894,7.416667
2003.750000,1996.500000,2003.750000,39.555729,7.250000
2004.000000,1996.666667,2004.000000,43.022616,7.333333
2004.166667,1996.833333,2004.166667,43.814572,7.333333
2004.416667,1997.166667,2004.416667,43.812977,7.250000
2004.583333,1997.333333,2004.583333,44.169630,7.250000
2004.666667,1997.833333,2004.666667,43.999514,6.833333
2004.833333,1998.083333,2004.833333,44.014694,6.750000
2004.916667,1998.750000,2004.916667,44.177134,6.166667
2005.166667,1998.833333,2005.166667,46.640581,6.333333
2005.333333,1999.166667,2005.333333,46.559401,6.166667
2005.416667,1999.333333,2005.416667,46.696948,6.083333
2005.583333,1999.416667,2005.583333,45.061009,6.166667
2005.666667,1999.750000,2005.666667,44.982276,5.916667
2005.833333,1999.833333,2005.833333,43.813278,6.000000
2005.916667,1999.916667,2005.916667,44.407954,6.000000
2006.000000,2000.333333,2006.000000,44.044617,5.666667
2006.166667,2000.416667,2006.166667,44.612765,5.750000
2006.333333,2000.583333,2006.333333,44.725268,5.750000
2006.416667,2000.750000,2006.416667,44.662597,5.666667
2006.583333,2000.916667,2006.583333,44.548320,5.666667
2006.666667,2001.000000,2006.666667,44.732148,5.666667
2006.916667,2001.000000,2006.916667,43.980386,5.916667
2007.166667,2001.166667,2007.166667,44.274996,6.000000
2007.333333,2001.250000,2007.333333,43.676860,6.083333
2007.583333,2001.333333,2007.583333,60.807479,6.250000
2007.583333,2001.416667,2007.583333,64.132623,6.166667
2007.666667,2001.583333,2007.666667,60.976729,6.083333
2007.750000,2001.750000,2007.750000,61.172077,6.000000
2007.916667,2001.833333,2007.916667,62.008030,6.083333
2008.000000,2001.916667,2008.000000,71.722562,6.083333
2008.000000,2002.000000,2008.000000,70.065571,6.000000
2008.166667,2002.166667,2008.166667,68.470494,6.000000
2008.166667,2002.333333,2008.166667,68.878468,5.833333
2008.250000,2002.583333,2008.250000,68.265009,5.666667
2008.416667,2002.833333,2008.416667,65.367871,5.583333
2008.583333,2003.000000,2008.583333,67.560527,5.583333
2008.666667,2003.333333,2008.666667,63.905301,5.333333
2008.750000,2003.416667,2008.750000,61.931019,5.333333
2008.750000,2003.583333,2008.750000,64.197583,5.166667
2015.916667,2003.750000,2015.916667,63.460148,12.166667
2016.000000,2004.000000,2016.000000,61.984504,12.000000
2016.166667,2004.166667,2016.166667,59.169782,12.000000
2016.416667,2004.416667,2016.416667,57.872028,12.000000
2016.666667,2004.583333,2016.666667,57.553073,12.083333
2016.916667,2004.666667,2016.916667,58.725917,12.250000
2017.083333,2004.833333,2017.083333,58.498386,12.250000
2017.166667,2004.916667,2017.166667,59.605444,12.250000
2017.333333,2005.166667,2017.333333,59.392214,12.166667
2017.416667,2005.333333,2017.416667,58.222293,12.083333
2017.500000,2005.416667,2017.500000,58.265129,12.083333
2017.666667,2005.583333,2017.666667,58.654341,12.083333
2017.916667,2005.666667,2017.916667,58.703252,12.250000
2018.166667,2005.833333,2018.166667,59.030848,12.333333
2018.916667,2005.916667,2018.916667,59.640484,13.000000
2019.000000,2006.000000,2019.000000,60.041364,13.000000
2019.166667,2006.166667,2019.166667,60.836891,13.000000
2019.333333,2006.333333,2019.333333,61.382846,13.000000
2019.416667,2006.416667,2019.416667,67.725337,13.000000
2019.500000,2006.583333,2019.500000,66.511331,12.916667
2019.666667,2006.666667,2019.666667,65.869658,13.000000
2022.166667,2006.916667,2022.166667,66.300621,15.250000
2022.333333,2007.166667,2022.333333,65.433860,15.166667
2022.416667,2007.333333,2022.416667,68.029596,15.083333
2022.500000,2007.583333,2022.500000,67.881546,14.916667
2022.666667,2007.583333,2022.666667,68.582877,15.083333
2022.833333,2007.666667,2022.833333,69.151697,15.166667
2022.916667,2007.750000,2022.916667,75.900579,15.166667
2023.083333,2007.916667,2023.083333,75.009092,15.166667
2023.166667,2008.000000,2023.166667,78.419664,15.166667
2023.333333,2008.000000,2023.333333,74.666285,15.333333
2023.416667,2008.166667,2023.416667,77.601662,15.250000
2023.500000,2008.166667,2023.500000,80.290842,15.333333
2023.666667,2008.250000,2023.666667,81.130952,15.416667
2023.833333,2008.416667,2023.833333,80.845808,15.416667
2023.916667,2008.583333,2023.916667,81.628589,15.333333
2024.000000,2008.666667,2024.000000,81.717003,15.333333
2024.166667,2008.750000,2024.166667,92.889755,15.416667
2024.333333,2008.750000,2024.333333,92.628124,15.583333
2024.416667,2015.916667,2024.416667,93.689390,8.500000
2024.500000,2016.000000,2024.500000,94.867676,8.500000
2024.666667,2016.166667,2024.666667,93.906918,8.500000
2024.833333,2016.416667,2024.833333,95.902519,8.416667
2024.916667,2016.666667,2024.916667,96.668739,8.250000
2025.166667,2016.916667,2025.166667,97.717043,8.250000
2025.416667,2017.083333,2025.416667,97.431610,8.333333
2025.500000,2017.166667,2025.500000,97.132416,8.333333
2025.666667,2017.333333,2025.666667,96.811025,8.333333
2025.750000,2017.416667,2025.750000,94.739704,8.333333
2025.916667,2017.500000,2025.916667,95.696903,8.416667
2026.166667,2017.666667,2026.166667,95.409655,8.500000
2026.250000,2017.916667,2026.250000,95.035621,8.333333
2026.416667,2018.166667,2026.416667,94.097858,8.250000
2026.500000,2018.916667,2026.500000,91.716149,7.583333
