t,row,variable,horizon,scalar_baseline,scalar_refit,omitted_baseline,omitted_refit
-0.1,1,inflation,0,-0.0008442299,-0.00086626414,-7.0900717e-05,-6.7471945e-05
-0.1,2,inflation,1,-0.0019102688,-0.0019270593,-0.00012318802,-0.00012394687
-0.1,3,inflation,2,-0.0031034176,-0.0031072733,-0.00013942865,-0.00015229032
-0.1,4,inflation,3,-0.0043365062,-0.0043292203,-0.0001187518,-0.00014767501
-0.1,5,inflation,4,-0.0055338272,-0.0055203126,-6.9516213e-05,-0.00011387098
-0.1,6,inflation,5,-0.0066310789,-0.0066165038,-1.1739661e-06,-5.7832537e-05
-0.1,7,inflation,6,-0.0075767448,-0.0075651712,7.7118324e-05,1.2328188e-05
-0.1,8,inflation,7,-0.0083330029,-0.0083269734,0.00015748857,8.877324e-05
-0.1,9,inflation,8,-0.0088769461,-0.0088773116,0.00023414463,0.00016501808
-0.1,10,inflation,9,-0.0092027032,-0.0092077395,0.00030336928,0.00023630891
-0.1,11,inflation,10,-0.0093163745,-0.009322654,0.00036295835,0.00029944512
-0.1,12,inflation,11,-0.0092319883,-0.0092357503,0.00041178829,0.000352507
-0.1,13,inflation,12,-0.0089685645,-0.0089669478,0.00044950314,0.0003945811
-0.1,14,inflation,13,-0.0085479763,-0.0085398723,0.00047628567,0.00042551134
-0.1,15,inflation,14,-0.007993395,-0.0079798817,0.00049268831,0.00044568677
-0.1,16,inflation,15,-0.0073281654,-0.0073125781,0.00049950771,0.00045586802
-0.1,17,inflation,16,-0.0065750039,-0.0065627314,0.00049769106,0.00045704991
-0.1,18,inflation,17,-0.0057554396,-0.0057535394,0.00048826633,0.00045035556
-0.1,19,inflation,18,-0.0048894397,-0.0049061539,0.00047229037,0.00043695702
-0.1,20,inflation,19,-0.0039951758,-0.0040394131,0.00045081075,0.00041801759
-0.1,21,output,0,-0.011924095,-0.011608543,-0.002990562,-0.0043050756
-0.1,22,output,1,-0.021817975,-0.021723164,-0.0031494766,-0.0045982741
-0.1,23,output,2,-0.02884192,-0.028867361,-0.0021418896,-0.0033091831
-0.1,24,output,3,-0.033280443,-0.033335226,-0.00075944077,-0.0014838531
-0.1,25,output,4,-0.035583364,-0.035698211,0.00035974867,-5.9186669e-05
-0.1,26,output,5,-0.036023415,-0.036223502,0.0011905305,0.00098396715
-0.1,27,output,6,-0.034889547,-0.035196384,0.0017223372,0.0016534043
-0.1,28,output,7,-0.032433024,-0.032816963,0.0019700106,0.0019666763
-0.1,29,output,8,-0.028854089,-0.029116848,0.0020028293,0.0020139542
-0.1,30,output,9,-0.024796581,-0.024903415,0.0019082912,0.0019139894
-0.1,31,output,10,-0.020660446,-0.020643675,0.0017430027,0.0017385882
-0.1,32,output,11,-0.016686373,-0.016596908,0.0015432786,0.0015306373
-0.1,33,output,12,-0.013011414,-0.012896505,0.001332094,0.0013152517
-0.1,34,output,13,-0.0097056109,-0.0096004212,0.0011236568,0.0011066677
-0.1,35,output,14,-0.0067961447,-0.006722201,0.00092642367,0.00091250372
-0.1,36,output,15,-0.0042832684,-0.0042500064,0.00074509389,0.00073638911
-0.1,37,output,16,-0.0021508133,-0.0021582174,0.00058192958,0.00057958324
-0.1,38,output,17,-0.00037309978,-0.00041445467,0.00043763139,0.0004419691
-0.1,39,output,18,0.0010805392,0.0010162216,0.00031191919,0.00032265998
-0.1,40,output,19,0.0022428202,0.0021688464,0.00020391676,0.00022036746
-0.09,1,inflation,0,-0.0008442299,-0.00086590403,-7.0900717e-05,-6.5327517e-05
-0.09,2,inflation,1,-0.0019102688,-0.0019270784,-0.00012318802,-0.00011940249
-0.09,3,inflation,2,-0.0031034176,-0.0031077715,-0.00013942865,-0.0001454264
-0.09,4,inflation,3,-0.0043365062,-0.0043300105,-0.0001187518,-0.00013886637
-0.09,5,inflation,4,-0.0055338272,-0.0055211306,-6.9516213e-05,-0.00010363858
-0.09,6,inflation,5,-0.0066310789,-0.0066171256,-1.1739661e-06,-4.6719734e-05
-0.09,7,inflation,6,-0.0075767448,-0.0075654793,7.7118324e-05,2.3836235e-05
-0.09,8,inflation,7,-0.0083330029,-0.008326991,0.00015748857,0.00010028962
-0.09,9,inflation,8,-0.0088769461,-0.0088771996,0.00023414463,0.000176263
-0.09,10,inflation,9,-0.0092027032,-0.0092077322,0.00030336928,0.00024709815
-0.09,11,inflation,10,-0.0093163745,-0.0093229749,0.00036295835,0.00030966952
-0.09,12,inflation,11,-0.0092319883,-0.009236539,0.00041178829,0.000362111
-0.09,13,inflation,12,-0.0089685645,-0.0089682144,0.00044950314,0.00040354442
-0.09,14,inflation,13,-0.0085479763,-0.0085414798,0.00047628567,0.00043383492
-0.09,15,inflation,14,-0.007993395,-0.0079815517,0.00049268831,0.00045338286
-0.09,16,inflation,15,-0.0073281654,-0.0073139116,0.00049950771,0.00046295368
-0.09,17,inflation,16,-0.0065750039,-0.0065632383,0.00049769106,0.00046354314
-0.09,18,inflation,17,-0.0057554396,-0.0057526718,0.00048826633,0.00045627326
-0.09,19,inflation,18,-0.0048894397,-0.0049033384,0.00047229037,0.00044231427
-0.09,20,inflation,19,-0.0039951758,-0.0040340806,0.00045081075,0.00042282762
-0.09,21,output,0,-0.011924095,-0.011648777,-0.002990562,-0.0041681524
-0.09,22,output,1,-0.021817975,-0.021737088,-0.0031494766,-0.0044489705
-0.09,23,output,2,-0.02884192,-0.028864451,-0.0021418896,-0.0031894079
-0.09,24,output,3,-0.033280443,-0.033326484,-0.00075944077,-0.0014109973
-0.09,25,output,4,-0.035583364,-0.0356815,0.00035974867,-1.762857e-05
-0.09,26,output,5,-0.036023415,-0.03619729,0.0011905305,0.0010040788
-0.09,27,output,6,-0.034889547,-0.035158559,0.0017223372,0.0016595203
-0.09,28,output,7,-0.032433024,-0.032769854,0.0019700106,0.0019660808
-0.09,29,output,8,-0.028854089,-0.029083334,0.0020028293,0.0020118934
-0.09,30,output,9,-0.024796581,-0.024888147,0.0019082912,0.0019124822
-0.09,31,output,10,-0.020660446,-0.020643686,0.0017430027,0.0017381253
-0.09,32,output,11,-0.016686373,-0.01660686,0.0015432786,0.0015310637
-0.09,33,output,12,-0.013011414,-0.012911107,0.001332094,0.0013162041
-0.09,34,output,13,-0.0097056109,-0.0096153638,0.0011236568,0.0011077758
-0.09,35,output,14,-0.0067961447,-0.006734396,0.00092642367,0.00091346862
-0.09,36,output,15,-0.0042832684,-0.0042574964,0.00074509389,0.00073700321
-0.09,37,output,16,-0.0021508133,-0.0021599745,0.00058192958,0.00057972346
-0.09,38,output,17,-0.00037309978,-0.00041015802,0.00043763139,0.00044158065
-0.09,39,output,18,0.0010805392,0.0010263861,0.00031191919,0.00032173865
-0.09,40,output,19,0.0022428202,0.0021843503,0.00020391676,0.00021894376
-0.08,1,inflation,0,-0.0008442299,-0.00086526752,-7.0900717e-05,-6.3346813e-05
-0.08,2,inflation,1,-0.0019102688,-0.0019267476,-0.00012318802,-0.00011517489
-0.08,3,inflation,2,-0.0031034176,-0.0031079732,-0.00013942865,-0.00013898196
-0.08,4,inflation,3,-0.0043365062,-0.0043306217,-0.0001187518,-0.00013051993
-0.08,5,inflation,4,-0.0055338272,-0.005521906,-6.9516213e-05,-9.3861916e-05
-0.08,6,inflation,5,-0.0066310789,-0.0066178288,-1.1739661e-06,-3.6022131e-05
-0.08,7,inflation,6,-0.0075767448,-0.0075659592,7.7118324e-05,3.4988624e-05
-0.08,8,inflation,7,-0.0083330029,-0.0083272233,0.00015748857,0.00011151605
-0.08,9,inflation,8,-0.0088769461,-0.0088772918,0.00023414463,0.0001872809
-0.08,10,inflation,9,-0.0092027032,-0.0092078737,0.00030336928,0.00025771569
-0.08,11,inflation,10,-0.0093163745,-0.0093233611,0.00036295835,0.00031976806
-0.08,12,inflation,11,-0.0092319883,-0.009237301,0.00041178829,0.00037162548
-0.08,13,inflation,12,-0.0089685645,-0.0089693722,0.00044950314,0.0004124461
-0.08,14,inflation,13,-0.0085479763,-0.008542922,0.00047628567,0.00044211782
-0.08,15,inflation,14,-0.007993395,-0.0079830364,0.00049268831,0.00046105393
-0.08,16,inflation,15,-0.0073281654,-0.0073150832,0.00049950771,0.00047002623
-0.08,17,inflation,16,-0.0065750039,-0.0065636532,0.00049769106,0.0004700327
-0.08,18,inflation,17,-0.0057554396,-0.0057518276,0.00048826633,0.00046219534
-0.08,19,inflation,18,-0.0048894397,-0.0049007044,0.00047229037,0.00044768333
-0.08,20,inflation,19,-0.0039951758,-0.0040291255,0.00045081075,0.00042765683
-0.08,21,output,0,-0.011924095,-0.011688832,-0.002990562,-0.0040319384
-0.08,22,output,1,-0.021817975,-0.021751911,-0.0031494766,-0.0042998096
-0.08,23,output,2,-0.02884192,-0.028862794,-0.0021418896,-0.0030693627
-0.08,24,output,3,-0.033280443,-0.03331859,-0.00075944077,-0.0013373372
-0.08,25,output,4,-0.035583364,-0.035665032,0.00035974867,2.4741915e-05
-0.08,26,output,5,-0.036023415,-0.036170706,0.0011905305,0.0010248334
-0.08,27,output,6,-0.034889547,-0.035120064,0.0017223372,0.0016661072
-0.08,28,output,7,-0.032433024,-0.032722341,0.0019700106,0.0019657923
-0.08,29,output,8,-0.028854089,-0.029049371,0.0020028293,0.0020099887
-0.08,30,output,9,-0.024796581,-0.024872383,0.0019082912,0.001911023
-0.08,31,output,10,-0.020660446,-0.020643222,0.0017430027,0.0017376444
-0.08,32,output,11,-0.016686373,-0.016616425,0.0015432786,0.0015314378
-0.08,33,output,12,-0.013011414,-0.012925438,0.001332094,0.0013170906
-0.08,34,output,13,-0.0097056109,-0.0096301617,0.0011236568,0.0011088157
-0.08,35,output,14,-0.0067961447,-0.0067465594,0.00092642367,0.00091436841
-0.08,36,output,15,-0.0042832684,-0.0042650475,0.00074509389,0.0007375568
-0.08,37,output,16,-0.0021508133,-0.0021618619,0.00058192958,0.00057980731
-0.08,38,output,17,-0.00037309978,-0.00040603842,0.00043763139,0.00044113863
-0.08,39,output,18,0.0010805392,0.0010363462,0.00031191919,0.000320765
-0.08,40,output,19,0.0022428202,0.0021996384,0.00020391676,0.00021746769
-0.07,1,inflation,0,-0.0008442299,-0.00086442194,-7.0900717e-05,-6.1508425e-05
-0.07,2,inflation,1,-0.0019102688,-0.0019261614,-0.00012318802,-0.00011122069
-0.07,3,inflation,2,-0.0031034176,-0.0031079691,-0.00013942865,-0.00013289818
-0.07,4,inflation,3,-0.0043365062,-0.0043311212,-0.0001187518,-0.00012257024
-0.07,5,inflation,4,-0.0055338272,-0.0055226733,-6.9516213e-05,-8.4476501e-05
-0.07,6,inflation,5,-0.0066310789,-0.0066186138,-1.1739661e-06,-2.5681543e-05
-0.07,7,inflation,6,-0.0075767448,-0.0075665823,7.7118324e-05,4.5834373e-05
-0.07,8,inflation,7,-0.0083330029,-0.008327623,0.00015748857,0.00012249171
-0.07,9,inflation,8,-0.0088769461,-0.0088775346,0.00023414463,0.00019810202
-0.07,10,inflation,9,-0.0092027032,-0.0092081152,0.00030336928,0.0002681846
-0.07,11,inflation,10,-0.0093163745,-0.0093237772,0.00036295835,0.00032975868
-0.07,12,inflation,11,-0.0092319883,-0.009238019,0.00041178829,0.00038106525
-0.07,13,inflation,12,-0.0089685645,-0.0089704229,0.00044950314,0.00042129957
-0.07,14,inflation,13,-0.0085479763,-0.0085442164,0.00047628567,0.0004503734
-0.07,15,inflation,14,-0.007993395,-0.0079843638,0.00049268831,0.00046871422
-0.07,16,inflation,15,-0.0073281654,-0.0073161238,0.00049950771,0.00047710129
-0.07,17,inflation,16,-0.0065750039,-0.0065640012,0.00049769106,0.00047653582
-0.07,18,inflation,17,-0.0057554396,-0.0057510181,0.00048826633,0.00046814057
-0.07,19,inflation,18,-0.0048894397,-0.0048982417,0.00047229037,0.00045308424
-0.07,20,inflation,19,-0.0039951758,-0.004024509,0.00045081075,0.00043252613
-0.07,21,output,0,-0.011924095,-0.0117286,-0.002990562,-0.0038964194
-0.07,22,output,1,-0.021817975,-0.021767494,-0.0031494766,-0.0041507937
-0.07,23,output,2,-0.02884192,-0.028862274,-0.0021418896,-0.0029490504
-0.07,24,output,3,-0.033280443,-0.033311471,-0.00075944077,-0.001262878
-0.07,25,output,4,-0.035583364,-0.035648778,0.00035974867,6.792821e-05
-0.07,26,output,5,-0.036023415,-0.036143766,0.0011905305,0.0010462459
-0.07,27,output,6,-0.034889547,-0.03508096,0.0017223372,0.0016731886
-0.07,28,output,7,-0.032433024,-0.032674499,0.0019700106,0.0019658387
-0.07,29,output,8,-0.028854089,-0.029015043,0.0020028293,0.0020082679
-0.07,30,output,9,-0.024796581,-0.024856202,0.0019082912,0.0019096365
-0.07,31,output,10,-0.020660446,-0.020642354,0.0017430027,0.0017371654
-0.07,32,output,11,-0.016686373,-0.016625654,0.0015432786,0.0015317742
-0.07,33,output,12,-0.013011414,-0.012939534,0.001332094,0.0013179205
-0.07,34,output,13,-0.0097056109,-0.0096448299,0.0011236568,0.001109792
-0.07,35,output,14,-0.0067961447,-0.0067586897,0.00092642367,0.00091520373
-0.07,36,output,15,-0.0042832684,-0.004272644,0.00074509389,0.00073804726
-0.07,37,output,16,-0.0021508133,-0.0021638528,0.00058192958,0.00057982949
-0.07,38,output,17,-0.00037309978,-0.00040206099,0.00043763139,0.00044063559
-0.07,39,output,18,0.0010805392,0.001046142,0.00031191919,0.00031972991
-0.07,40,output,19,0.0022428202,0.0022147531,0.00020391676,0.00021592878
-0.06,1,inflation,0,-0.0008442299,-0.00086337492,-7.0900717e-05,-5.9812938e-05
-0.06,2,inflation,1,-0.0019102688,-0.0019253291,-0.00012318802,-0.00010754222
-0.06,3,inflation,2,-0.0031034176,-0.0031077656,-0.00013942865,-0.00012718108
-0.06,4,inflation,3,-0.0043365062,-0.00433151,-0.0001187518,-0.00011502872
-0.06,5,inflation,4,-0.0055338272,-0.005523428,-6.9516213e-05,-7.5499981e-05
-0.06,6,inflation,5,-0.0066310789,-0.0066194721,-1.1739661e-06,-1.572172e-05
-0.06,7,inflation,6,-0.0075767448,-0.0075673384,7.7118324e-05,5.6344404e-05
-0.06,8,inflation,7,-0.0083330029,-0.0083281803,0.00015748857,0.00013318341
-0.06,9,inflation,8,-0.0088769461,-0.0088779207,0.00023414463,0.0002086905
-0.06,10,inflation,9,-0.0092027032,-0.0092084539,0.00030336928,0.00027846772
-0.06,11,inflation,10,-0.0093163745,-0.0093242253,0.00036295835,0.00033960416
-0.06,12,inflation,11,-0.0092319883,-0.0092386991,0.00041178829,0.00039039408
-0.06,13,inflation,12,-0.0089685645,-0.0089713751,0.00044950314,0.00043007029
-0.06,14,inflation,13,-0.0085479763,-0.0085453724,0.00047628567,0.00045856938
-0.06,15,inflation,14,-0.007993395,-0.0079855415,0.00049268831,0.00047633399
-0.06,16,inflation,15,-0.0073281654,-0.0073170375,0.00049950771,0.00048415183
-0.06,17,inflation,16,-0.0065750039,-0.0065642813,0.00049769106,0.00048302817
-0.06,18,inflation,17,-0.0057554396,-0.005750236,0.00048826633,0.0004740872
-0.06,19,inflation,18,-0.0048894397,-0.0048959357,0.00047229037,0.00045849768
-0.06,20,inflation,19,-0.0039951758,-0.0040202097,0.00045081075,0.00043741845
-0.06,21,output,0,-0.011924095,-0.011768002,-0.002990562,-0.0037616039
-0.06,22,output,1,-0.021817975,-0.021783731,-0.0031494766,-0.00400195
-0.06,23,output,2,-0.02884192,-0.028862789,-0.0021418896,-0.0028284981
-0.06,24,output,3,-0.033280443,-0.033305054,-0.00075944077,-0.001187649
-0.06,25,output,4,-0.035583364,-0.035632701,0.00035974867,0.00011190819
-0.06,26,output,5,-0.036023415,-0.036116474,0.0011905305,0.0010683042
-0.06,27,output,6,-0.034889547,-0.03504129,0.0017223372,0.0016807606
-0.06,28,output,7,-0.032433024,-0.032626386,0.0019700106,0.0019662217
-0.06,29,output,8,-0.028854089,-0.028980413,0.0020028293,0.0020067361
-0.06,30,output,9,-0.024796581,-0.024839664,0.0019082912,0.0019083295
-0.06,31,output,10,-0.020660446,-0.020641129,0.0017430027,0.0017366957
-0.06,32,output,11,-0.016686373,-0.016634582,0.0015432786,0.0015320801
-0.06,33,output,12,-0.013011414,-0.012953416,0.001332094,0.0013187004
-0.06,34,output,13,-0.0097056109,-0.0096593782,0.0011236568,0.001110711
-0.06,35,output,14,-0.0067961447,-0.0067707865,0.00092642367,0.00091598033
-0.06,36,output,15,-0.0042832684,-0.0042802776,0.00074509389,0.00073847995
-0.06,37,output,16,-0.0021508133,-0.0021659334,0.00058192958,0.00057979509
-0.06,38,output,17,-0.00037309978,-0.00039820916,0.00043763139,0.00044007641
-0.06,39,output,18,0.0010805392,0.0010557905,0.00031191919,0.00031863808
-0.06,40,output,19,0.0022428202,0.00222971,0.00020391676,0.00021433156
-0.05,1,inflation,0,-0.0008442299,-0.00085958967,-7.0900717e-05,-6.085925e-05
-0.05,2,inflation,1,-0.0019102688,-0.001922011,-0.00012318802,-0.00010871801
-0.05,3,inflation,2,-0.0031034176,-0.003106463,-0.00013942865,-0.00012713439
-0.05,4,inflation,3,-0.0043365062,-0.0043322177,-0.0001187518,-0.00011280432
-0.05,5,inflation,4,-0.0055338272,-0.0055254831,-6.9516213e-05,-7.0781632e-05
-0.05,6,inflation,5,-0.0066310789,-0.0066220327,-1.1739661e-06,-8.6455016e-06
-0.05,7,inflation,6,-0.0075767448,-0.0075696425,7.7118324e-05,6.5384319e-05
-0.05,8,inflation,7,-0.0083330029,-0.0083296639,0.00015748857,0.00014368577
-0.05,9,inflation,8,-0.0088769461,-0.0088782845,0.00023414463,0.00022017095
-0.05,10,inflation,9,-0.0092027032,-0.0092078181,0.00030336928,0.00029053799
-0.05,11,inflation,10,-0.0093163745,-0.0093230655,0.00036295835,0.00035199586
-0.05,12,inflation,11,-0.0092319883,-0.009237657,0.00041178829,0.00040295037
-0.05,13,inflation,12,-0.0089685645,-0.0089710481,0.00044950314,0.00044272382
-0.05,14,inflation,13,-0.0085479763,-0.0085461342,0.00047628567,0.00047131633
-0.05,15,inflation,14,-0.007993395,-0.0079874131,0.00049268831,0.00048920962
-0.05,16,inflation,15,-0.0073281654,-0.007319612,0.00049950771,0.00049720984
-0.05,17,inflation,16,-0.0065750039,-0.0065666967,0.00049769106,0.00049632465
-0.05,18,inflation,17,-0.0057554396,-0.0057511885,0.00048826633,0.00048766904
-0.05,19,inflation,18,-0.0048894397,-0.0048937219,0.00047229037,0.00047239507
-0.05,20,inflation,19,-0.0039951758,-0.0040127895,0.00045081075,0.0004516406
-0.05,21,output,0,-0.011924095,-0.011806197,-0.002990562,-0.0036283789
-0.05,22,output,1,-0.021817975,-0.021799984,-0.0031494766,-0.0038548189
-0.05,23,output,2,-0.02884192,-0.028864381,-0.0021418896,-0.0027094804
-0.05,24,output,3,-0.033280443,-0.033300082,-0.00075944077,-0.0011132862
-0.05,25,output,4,-0.035583364,-0.035618008,0.00035974867,0.0001554628
-0.05,26,output,5,-0.036023415,-0.036090172,0.0011905305,0.001090342
-0.05,27,output,6,-0.034889547,-0.03500221,0.0017223372,0.0016887276
-0.05,28,output,7,-0.032433024,-0.032578729,0.0019700106,0.0019673488
-0.05,29,output,8,-0.028854089,-0.028945692,0.0020028293,0.0020061851
-0.05,30,output,9,-0.024796581,-0.024822511,0.0019082912,0.0019081533
-0.05,31,output,10,-0.020660446,-0.020638979,0.0017430027,0.0017374385
-0.05,32,output,11,-0.016686373,-0.016642548,0.0015432786,0.0015336296
-0.05,33,output,12,-0.013011414,-0.012966546,0.001332094,0.0013207201
-0.05,34,output,13,-0.0097056109,-0.0096735588,0.0011236568,0.0011128445
-0.05,35,output,14,-0.0067961447,-0.0067829661,0.00092642367,0.00091793374
-0.05,36,output,15,-0.0042832684,-0.0042883976,0.00074509389,0.00074004447
-0.05,37,output,16,-0.0021508133,-0.002168747,0.00058192958,0.00058084162
-0.05,38,output,17,-0.00037309978,-0.00039508687,0.00043763139,0.00044053991
-0.05,39,output,18,0.0010805392,0.001065031,0.00031191919,0.0003185001
-0.05,40,output,19,0.0022428202,0.0022449373,0.00020391676,0.00021360487
-0.04,1,inflation,0,-0.0008442299,-0.00086285982,-7.0900717e-05,-7.3098846e-05
-0.04,2,inflation,1,-0.0019102688,-0.0019313645,-0.00012318802,-0.00012793517
-0.04,3,inflation,2,-0.0031034176,-0.0031183533,-0.00013942865,-0.00014737711
-0.04,4,inflation,3,-0.0043365062,-0.0043418305,-0.0001187518,-0.00013019503
-0.04,5,inflation,4,-0.0055338272,-0.0055294929,-6.9516213e-05,-8.4187342e-05
-0.04,6,inflation,5,-0.0066310789,-0.0066191704,-1.1739661e-06,-1.8417538e-05
-0.04,7,inflation,6,-0.0075767448,-0.007560475,7.7118324e-05,5.8203561e-05
-0.04,8,inflation,7,-0.0083330029,-0.0083159297,0.00015748857,0.00013790813
-0.04,9,inflation,8,-0.0088769461,-0.0088623316,0.00023414463,0.00021487991
-0.04,10,inflation,9,-0.0092027032,-0.0091929636,0.00030336928,0.00028529263
-0.04,11,inflation,10,-0.0093163745,-0.0093128957,0.00036295835,0.00034679902
-0.04,12,inflation,11,-0.0092319883,-0.0092351156,0.00041178829,0.00039812526
-0.04,13,inflation,12,-0.0089685645,-0.0089776781,0.00044950314,0.00043877229
-0.04,14,inflation,13,-0.0085479763,-0.008561604,0.00047628567,0.00046879348
-0.04,15,inflation,14,-0.007993395,-0.0080093331,0.00049268831,0.00048862794
-0.04,16,inflation,15,-0.0073281654,-0.0073435973,0.00049950771,0.00049897476
-0.04,17,inflation,16,-0.0065750039,-0.0065866092,0.00049769106,0.00050069825
-0.04,18,inflation,17,-0.0057554396,-0.0057594933,0.00048826633,0.00049475638
-0.04,19,inflation,18,-0.0048894397,-0.0048819026,0.00047229037,0.0004821473
-0.04,20,inflation,19,-0.0039951758,-0.0039717772,0.00045081075,0.0004638696
-0.04,21,output,0,-0.011924095,-0.011786225,-0.002990562,-0.0035156737
-0.04,22,output,1,-0.021817975,-0.021758193,-0.0031494766,-0.0037378862
-0.04,23,output,2,-0.02884192,-0.02883444,-0.0021418896,-0.0026230936
-0.04,24,output,3,-0.033280443,-0.033298589,-0.00075944077,-0.0010673931
-0.04,25,output,4,-0.035583364,-0.035640208,0.00035974867,0.0001769182
-0.04,26,output,5,-0.036023415,-0.036125844,0.0011905305,0.0010979905
-0.04,27,output,6,-0.034889547,-0.035038979,0.0017223372,0.001690095
-0.04,28,output,7,-0.032433024,-0.032608739,0.0019700106,0.0019685247
-0.04,29,output,8,-0.028854089,-0.02897724,0.0020028293,0.0020106234
-0.04,30,output,9,-0.024796581,-0.024851857,0.0019082912,0.0019160921
-0.04,31,output,10,-0.020660446,-0.020659827,0.0017430027,0.0017477505
-0.04,32,output,11,-0.016686373,-0.016650423,0.0015432786,0.001544827
-0.04,33,output,12,-0.013011414,-0.012960316,0.001332094,0.001331452
-0.04,34,output,13,-0.0097056109,-0.0096554675,0.0011236568,0.0011221004
-0.04,35,output,14,-0.0067961447,-0.0067579902,0.00092642367,0.0009250872
-0.04,36,output,15,-0.0042832684,-0.0042633815,0.00074509389,0.00074481653
-0.04,37,output,16,-0.0021508133,-0.0021515583,0.00058192958,0.0005832319
-0.04,38,output,17,-0.00037309978,-0.00039390074,0.00043763139,0.00044075093
-0.04,39,output,18,0.0010805392,0.0010422825,0.00031191919,0.00031686804
-0.04,40,output,19,0.0022428202,0.0021909543,0.00020391676,0.00021054217
-0.03,1,inflation,0,-0.0008442299,-0.00085578675,-7.0900717e-05,-7.4827558e-05
-0.03,2,inflation,1,-0.0019102688,-0.0019236313,-0.00012318802,-0.00013101328
-0.03,3,inflation,2,-0.0031034176,-0.0031132052,-0.00013942865,-0.00015076556
-0.03,4,inflation,3,-0.0043365062,-0.0043403716,-0.0001187518,-0.00013294287
-0.03,5,inflation,4,-0.0055338272,-0.0055315408,-6.9516213e-05,-8.5765514e-05
-0.03,6,inflation,5,-0.0066310789,-0.0066237981,-1.1739661e-06,-1.8653374e-05
-0.03,7,inflation,6,-0.0075767448,-0.0075663937,7.7118324e-05,5.921927e-05
-0.03,8,inflation,7,-0.0083330029,-0.0083217534,0.00015748857,0.00013991695
-0.03,9,inflation,8,-0.0088769461,-0.0088668049,0.00023414463,0.0002175578
-0.03,10,inflation,9,-0.0092027032,-0.0091952798,0.00030336928,0.00028833028
-0.03,11,inflation,10,-0.0093163745,-0.0093127869,0.00036295835,0.00034994167
-0.03,12,inflation,11,-0.0092319883,-0.0092327973,0.00041178829,0.00040118651
-0.03,13,inflation,12,-0.0089685645,-0.0089737289,0.00044950314,0.0004416333
-0.03,14,inflation,13,-0.0085479763,-0.0085568259,0.00047628567,0.00047139461
-0.03,15,inflation,14,-0.007993395,-0.0080046187,0.00049268831,0.0004909572
-0.03,16,inflation,15,-0.0073281654,-0.0073398164,0.00049950771,0.00050105568
-0.03,17,inflation,16,-0.0065750039,-0.0065845203,0.00049769106,0.00050257837
-0.03,18,inflation,17,-0.0057554396,-0.0057596803,0.00048826633,0.00049649736
-0.03,19,inflation,18,-0.0048894397,-0.0048847353,0.00047229037,0.00048381666
-0.03,20,inflation,19,-0.0039951758,-0.0039773916,0.00045081075,0.00046553428
-0.03,21,output,0,-0.011924095,-0.011821743,-0.002990562,-0.0033841027
-0.03,22,output,1,-0.021817975,-0.021772818,-0.0031494766,-0.0035917497
-0.03,23,output,2,-0.02884192,-0.028835347,-0.0021418896,-0.0025047349
-0.03,24,output,3,-0.033280443,-0.033293379,-0.00075944077,-0.00099327825
-0.03,25,output,4,-0.035583364,-0.035625838,0.00035974867,0.00021969383
-0.03,26,output,5,-0.036023415,-0.036100528,0.0011905305,0.001118513
-0.03,27,output,6,-0.034889547,-0.03500189,0.0017223372,0.0016959912
-0.03,28,output,7,-0.032433024,-0.032564461,0.0019700106,0.0019672755
-0.03,29,output,8,-0.028854089,-0.028946048,0.0020028293,0.0020076553
-0.03,30,output,9,-0.024796581,-0.024837755,0.0019082912,0.001913669
-0.03,31,output,10,-0.020660446,-0.020659879,0.0017430027,0.0017465462
-0.03,32,output,11,-0.016686373,-0.016659515,0.0015432786,0.0015447841
-0.03,33,output,12,-0.013011414,-0.012973412,0.001332094,0.0013322343
-0.03,34,output,13,-0.0097056109,-0.0096685152,0.0011236568,0.0011233181
-0.03,35,output,14,-0.0067961447,-0.0067681542,0.00092642367,0.00092639729
-0.03,36,output,15,-0.0042832684,-0.004268955,0.00074509389,0.00074595827
-0.03,37,output,16,-0.0021508133,-0.0021517551,0.00058192958,0.00058402974
-0.03,38,output,17,-0.00037309978,-0.00038862286,0.00043763139,0.00044110332
-0.03,39,output,18,0.0010805392,0.0010526562,0.00031191919,0.0003167315
-0.03,40,output,19,0.0022428202,0.0022057412,0.00020391676,0.00020991542
-0.02,1,inflation,0,-0.0008442299,-0.00084946486,-7.0900717e-05,-7.5920385e-05
-0.02,2,inflation,1,-0.0019102688,-0.0019167722,-0.00012318802,-0.00013296046
-0.02,3,inflation,2,-0.0031034176,-0.0031086978,-0.00013942865,-0.00015277968
-0.02,4,inflation,3,-0.0043365062,-0.0043391632,-0.0001187518,-0.00013429963
-0.02,5,inflation,4,-0.0055338272,-0.0055334215,-6.9516213e-05,-8.6075467e-05
-0.02,6,inflation,5,-0.0066310789,-0.0066279094,-1.1739661e-06,-1.781293e-05
-0.02,7,inflation,6,-0.0075767448,-0.0075715835,7.7118324e-05,6.1104227e-05
-0.02,8,inflation,7,-0.0083330029,-0.0083268175,0.00015748857,0.00014260991
-0.02,9,inflation,8,-0.0088769461,-0.0088706809,0.00023414463,0.00022077473
-0.02,10,inflation,9,-0.0092027032,-0.0091972999,0.00030336928,0.00029180479
-0.02,11,inflation,10,-0.0093163745,-0.0093127446,0.00036295835,0.0003534573
-0.02,12,inflation,11,-0.0092319883,-0.009230894,0.00041178829,0.00040458745
-0.02,13,inflation,12,-0.0089685645,-0.0089704674,0.00044950314,0.00044482289
-0.02,14,inflation,13,-0.0085479763,-0.0085528878,0.00047628567,0.00047432763
-0.02,15,inflation,14,-0.007993395,-0.0080007496,0.00049268831,0.0004936295
-0.02,16,inflation,15,-0.0073281654,-0.0073367278,0.00049950771,0.00050349333
-0.02,17,inflation,16,-0.0065750039,-0.0065828141,0.00049769106,0.00050482759
-0.02,18,inflation,17,-0.0057554396,-0.0057597959,0.00048826633,0.0004986157
-0.02,19,inflation,18,-0.0048894397,-0.0048869166,0.00047229037,0.00048586583
-0.02,20,inflation,19,-0.0039951758,-0.0039816728,0.00045081075,0.00046757457
-0.02,21,output,0,-0.011924095,-0.011857363,-0.002990562,-0.0032529469
-0.02,22,output,1,-0.021817975,-0.021788705,-0.0031494766,-0.0034453225
-0.02,23,output,2,-0.02884192,-0.028837805,-0.0021418896,-0.002385496
-0.02,24,output,3,-0.033280443,-0.033289146,-0.00075944077,-0.0009176698
-0.02,25,output,4,-0.035583364,-0.035611603,0.00035974867,0.00026403115
-0.02,26,output,5,-0.036023415,-0.036074539,0.0011905305,0.0011404355
-0.02,27,output,6,-0.034889547,-0.034963718,0.0017223372,0.0017030587
-0.02,28,output,7,-0.032433024,-0.032519246,0.0019700106,0.0019669237
-0.02,29,output,8,-0.028854089,-0.028913885,0.0020028293,0.0020052882
-0.02,30,output,9,-0.024796581,-0.024822721,0.0019082912,0.0019115904
-0.02,31,output,10,-0.020660446,-0.020659158,0.0017430027,0.0017454886
-0.02,32,output,11,-0.016686373,-0.016668082,0.0015432786,0.0015447474
-0.02,33,output,12,-0.013011414,-0.012986262,0.001332094,0.0013329304
-0.02,34,output,13,-0.0097056109,-0.0096815801,0.0011236568,0.0011243937
-0.02,35,output,14,-0.0067961447,-0.0067785465,0.00092642367,0.00092753542
-0.02,36,output,15,-0.0042832684,-0.004274897,0.00074509389,0.00074691544
-0.02,37,output,16,-0.0021508133,-0.0021523842,0.00058192958,0.00058464084
-0.02,38,output,17,-0.00037309978,-0.00038376812,0.00043763139,0.00044127225
-0.02,39,output,18,0.0010805392,0.0010626784,0.00031191919,0.00031641688
-0.02,40,output,19,0.0022428202,0.0022202965,0.00020391676,0.00020911592
-0.01,1,inflation,0,-0.0008442299,-0.0008436448,-7.0900717e-05,-7.6590387e-05
-0.01,2,inflation,1,-0.0019102688,-0.001910493,-0.00012318802,-0.00013417383
-0.01,3,inflation,2,-0.0031034176,-0.0031046126,-0.00013942865,-0.00015393761
-0.01,4,inflation,3,-0.0043365062,-0.0043381174,-0.0001187518,-0.00013484197
-0.01,5,inflation,4,-0.0055338272,-0.0055351887,-6.9516213e-05,-8.5708873e-05
-0.01,6,inflation,5,-0.0066310789,-0.0066316769,-1.1739661e-06,-1.6475964e-05
-0.01,7,inflation,6,-0.0075767448,-0.0075762904,7.7118324e-05,6.3303569e-05
-0.01,8,inflation,7,-0.0083330029,-0.008331381,0.00015748857,0.00014545949
-0.01,9,inflation,8,-0.0088769461,-0.008874167,0.00023414463,0.00022402688
-0.01,10,inflation,9,-0.0092027032,-0.0091991306,0.00030336928,0.00029523032
-0.01,11,inflation,10,-0.0093163745,-0.0093127495,0.00036295835,0.00035687236
-0.01,12,inflation,11,-0.0092319883,-0.0092292607,0.00041178829,0.00040786224
-0.01,13,inflation,12,-0.0089685645,-0.0089676449,0.00044950314,0.00044787999
-0.01,14,inflation,13,-0.0085479763,-0.0085494776,0.00047628567,0.00047713497
-0.01,15,inflation,14,-0.007993395,-0.0079974026,0.00049268831,0.00049619097
-0.01,16,inflation,15,-0.0073281654,-0.0073340572,0.00049950771,0.00050583908
-0.01,17,inflation,16,-0.0065750039,-0.006581328,0.00049769106,0.0005070049
-0.01,18,inflation,17,-0.0057554396,-0.0057598499,0.00048826633,0.00050068117
-0.01,19,inflation,18,-0.0048894397,-0.0048886853,0.00047229037,0.00048787889
-0.01,20,inflation,19,-0.0039951758,-0.0039851372,0.00045081075,0.00046959246
-0.01,21,output,0,-0.011924095,-0.011892636,-0.002990562,-0.0031223326
-0.01,22,output,1,-0.021817975,-0.021805266,-0.0031494766,-0.0032988319
-0.01,23,output,2,-0.02884192,-0.028841302,-0.0021418896,-0.0022656659
-0.01,24,output,3,-0.033280443,-0.03328558,-0.00075944077,-0.00084089097
-0.01,25,output,4,-0.035583364,-0.035597447,0.00035974867,0.00030960689
-0.01,26,output,5,-0.036023415,-0.036048071,0.0011905305,0.0011634623
-0.01,27,output,6,-0.034889547,-0.034924853,0.0017223372,0.0017110478
-0.01,28,output,7,-0.032433024,-0.032473587,0.0019700106,0.0019672777
-0.01,29,output,8,-0.028854089,-0.02888126,0.0020028293,0.0020033948
-0.01,30,output,9,-0.024796581,-0.024807211,0.0019082912,0.0019097896
-0.01,31,output,10,-0.020660446,-0.020658018,0.0017430027,0.0017445626
-0.01,32,output,11,-0.016686373,-0.016676347,0.0015432786,0.0015447424
-0.01,33,output,12,-0.013011414,-0.012998955,0.001332094,0.0013335956
-0.01,34,output,13,-0.0097056109,-0.0096946292,0.0011236568,0.0011254034
-0.01,35,output,14,-0.0067961447,-0.0067890389,0.00092642367,0.00092859144
-0.01,36,output,15,-0.0042832684,-0.0042810189,0.00074509389,0.00074778597
-0.01,37,output,16,-0.0021508133,-0.0021532335,0.00058192958,0.00058516735
-0.01,38,output,17,-0.00037309978,-0.00037913825,0.00043763139,0.00044136166
-0.01,39,output,18,0.0010805392,0.0010724998,0.00031191919,0.00031602844
-0.01,40,output,19,0.0022428202,0.002234695,0.00020391676,0.00020824752
-0.005,1,inflation,0,-0.0008442299,-0.00084279907,-7.0900717e-05,-7.4902662e-05
-0.005,2,inflation,1,-0.0019102688,-0.0019093103,-0.00012318802,-0.00013090979
-0.005,3,inflation,2,-0.0031034176,-0.0031035133,-0.00013942865,-0.00014956112
-0.005,4,inflation,3,-0.0043365062,-0.0043374281,-0.0001187518,-0.00012987181
-0.005,5,inflation,4,-0.0055338272,-0.0055350793,-6.9516213e-05,-8.0558152e-05
-0.005,6,inflation,5,-0.0066310789,-0.0066321643,-1.1739661e-06,-1.1441986e-05
-0.005,7,inflation,6,-0.0075767448,-0.0075772759,7.7118324e-05,6.8019946e-05
-0.005,8,inflation,7,-0.0083330029,-0.008332708,0.00015748857,0.00014973293
-0.005,9,inflation,8,-0.0088769461,-0.0088756675,0.00023414463,0.0002277791
-0.005,10,inflation,9,-0.0092027032,-0.0092005879,0.00030336928,0.0002984029
-0.005,11,inflation,10,-0.0093163745,-0.0093138993,0.00036295835,0.00035941091
-0.005,12,inflation,11,-0.0092319883,-0.0092298355,0.00041178829,0.0004097099
-0.005,13,inflation,12,-0.0089685645,-0.0089674359,0.00044950314,0.00044897637
-0.005,14,inflation,13,-0.0085479763,-0.0085483971,0.00047628567,0.00047741807
-0.005,15,inflation,14,-0.007993395,-0.0079955387,0.00049268831,0.00049560056
-0.005,16,inflation,15,-0.0073281654,-0.0073317151,0.00049950771,0.00050432043
-0.005,17,inflation,16,-0.0065750039,-0.0065790574,0.00049769106,0.00050451239
-0.005,18,inflation,17,-0.0057554396,-0.0057584573,0.00048826633,0.00049718126
-0.005,19,inflation,18,-0.0048894397,-0.0048892333,0.00047229037,0.00048335247
-0.005,20,inflation,19,-0.0039951758,-0.0039889321,0.00045081075,0.00046403635
-0.005,21,output,0,-0.011924095,-0.011909016,-0.002990562,-0.0030566963
-0.005,22,output,1,-0.021817975,-0.021812331,-0.0031494766,-0.0032246863
-0.005,23,output,2,-0.02884192,-0.028842168,-0.0021418896,-0.0022044816
-0.005,24,output,3,-0.033280443,-0.033283317,-0.00075944077,-0.00080097026
-0.005,25,output,4,-0.035583364,-0.03559039,0.00035974867,0.00033389803
-0.005,26,output,5,-0.036023415,-0.03603539,0.0011905305,0.0011763094
-0.005,27,output,6,-0.034889547,-0.034906527,0.0017223372,0.0017161375
-0.005,28,output,7,-0.032433024,-0.032452375,0.0019700106,0.0019682533
-0.005,29,output,8,-0.028854089,-0.028866681,0.0020028293,0.0020029079
-0.005,30,output,9,-0.024796581,-0.024801006,0.0019082912,0.001909019
-0.005,31,output,10,-0.020660446,-0.02065858,0.0017430027,0.0017439281
-0.005,32,output,11,-0.016686373,-0.016681037,0.0015432786,0.0015443025
-0.005,33,output,12,-0.013011414,-0.013005224,0.001332094,0.0013332611
-0.005,34,output,13,-0.0097056109,-0.0097004918,0.0011236568,0.0011250476
-0.005,35,output,14,-0.0067961447,-0.0067932018,0.00092642367,0.00092810196
-0.005,36,output,15,-0.0042832684,-0.0042828407,0.00074509389,0.00074708582
-0.005,37,output,16,-0.0021508133,-0.0021526119,0.00058192958,0.00058421893
-0.005,38,output,17,-0.00037309978,-0.0003763748,0.00043763139,0.00044016322
-0.005,39,output,18,0.0010805392,0.0010768306,0.00031191919,0.00031460726
-0.005,40,output,19,0.0022428202,0.0022398615,0.00020391676,0.00020665235
0.005,1,inflation,0,-0.0008442299,-0.00084554479,-7.0900717e-05,-6.6930862e-05
0.005,2,inflation,1,-0.0019102688,-0.0019111399,-0.00012318802,-0.0001155234
0.005,3,inflation,2,-0.0031034176,-0.0031033042,-0.00013942865,-0.00012934796
0.005,4,inflation,3,-0.0043365062,-0.0043356199,-0.0001187518,-0.00010765734
0.005,5,inflation,4,-0.0055338272,-0.0055326298,-6.9516213e-05,-5.847502e-05
0.005,6,inflation,5,-0.0066310789,-0.006630037,-1.1739661e-06,9.1027209e-06
0.005,7,inflation,6,-0.0075767448,-0.0075762283,7.7118324e-05,8.6214249e-05
0.005,8,inflation,7,-0.0083330029,-0.0083332774,0.00015748857,0.00016521048
0.005,9,inflation,8,-0.0088769461,-0.008878169,0.00023414463,0.00024042976
0.005,10,inflation,9,-0.0092027032,-0.0092047383,0.00030336928,0.0003082009
0.005,11,inflation,10,-0.0093163745,-0.0093187671,0.00036295835,0.00036631748
0.005,12,inflation,11,-0.0092319883,-0.009234083,0.00041178829,0.00041363354
0.005,13,inflation,12,-0.0089685645,-0.0089696845,0.00044950314,0.00044976744
0.005,14,inflation,13,-0.0085479763,-0.0085476123,0.00047628567,0.00047488236
0.005,15,inflation,14,-0.007993395,-0.0079913747,0.00049268831,0.00048952185
0.005,16,inflation,15,-0.0073281654,-0.007324787,0.00049950771,0.00049448566
0.005,17,inflation,16,-0.0065750039,-0.0065711269,0.00049769106,0.0004907356
0.005,18,inflation,17,-0.0057554396,-0.0057525326,0.00048826633,0.00047932403
0.005,19,inflation,18,-0.0048894397,-0.004889588,0.00047229037,0.00046133979
0.005,20,inflation,19,-0.0039951758,-0.0040010541,0.00045081075,0.00043786759
0.005,21,output,0,-0.011924095,-0.011939155,-0.002990562,-0.0029246321
0.005,22,output,1,-0.021817975,-0.021823869,-0.0031494766,-0.0030743539
0.005,23,output,2,-0.02884192,-0.028841999,-0.0021418896,-0.0020792588
0.005,24,output,3,-0.033280443,-0.033277778,-0.00075944077,-0.00071772908
0.005,25,output,4,-0.035583364,-0.035576365,0.00035974867,0.00038580163
0.005,26,output,5,-0.036023415,-0.03601129,0.0011905305,0.0012049226
0.005,27,output,6,-0.034889547,-0.034872328,0.0017223372,0.0017286619
0.005,28,output,7,-0.032433024,-0.032413457,0.0019700106,0.0019718396
0.005,29,output,8,-0.028854089,-0.028841253,0.0020028293,0.0020027704
0.005,30,output,9,-0.024796581,-0.024791909,0.0019082912,0.0019075448
0.005,31,output,10,-0.020660446,-0.020662106,0.0017430027,0.0017420387
0.005,32,output,11,-0.016686373,-0.01669158,0.0015432786,0.0015422153
0.005,33,output,12,-0.013011414,-0.013017573,0.001332094,0.0013309039
0.005,34,output,13,-0.0097056109,-0.0097107966,0.0011236568,0.0011222746
0.005,35,output,14,-0.0067961447,-0.0067992334,0.00092642367,0.0009247976
0.005,36,output,15,-0.0042832684,-0.0042838844,0.00074509389,0.00074320693
0.005,37,output,16,-0.0021508133,-0.0021491937,0.00058192958,0.0005798041
0.005,38,output,17,-0.00037309978,-0.00036992907,0.00043763139,0.00043532556
0.005,39,output,18,0.0010805392,0.0010842939,0.00031191919,0.00030951963
0.005,40,output,19,0.0022428202,0.0022460598,0.00020391676,0.00020152998
0.01,1,inflation,0,-0.0008442299,-0.00084675107,-7.0900717e-05,-6.2981349e-05
0.01,2,inflation,1,-0.0019102688,-0.0019119318,-0.00012318802,-0.00010789122
0.01,3,inflation,2,-0.0031034176,-0.0031031793,-0.00013942865,-0.0001192852
0.01,4,inflation,3,-0.0043365062,-0.0043347721,-0.0001187518,-9.6550294e-05
0.01,5,inflation,4,-0.0055338272,-0.0055314874,-6.9516213e-05,-4.7396076e-05
0.01,6,inflation,5,-0.0066310789,-0.0066290371,-1.1739661e-06,1.9424311e-05
0.01,7,inflation,6,-0.0075767448,-0.0075757242,7.7118324e-05,9.5340039e-05
0.01,8,inflation,7,-0.0083330029,-0.0083335301,0.00015748857,0.0001729262
0.01,9,inflation,8,-0.0088769461,-0.0088793366,0.00023414463,0.00024665688
0.01,10,inflation,9,-0.0092027032,-0.0092066962,0.00030336928,0.0003129149
0.01,11,inflation,10,-0.0093163745,-0.0093210816,0.00036295835,0.00036950011
0.01,12,inflation,11,-0.0092319883,-0.0092361237,0.00041178829,0.00041525194
0.01,13,inflation,12,-0.0089685645,-0.0089707966,0.00044950314,0.00044976963
0.01,14,inflation,13,-0.0085479763,-0.0085473003,0.00047628567,0.00047320201
0.01,15,inflation,14,-0.007993395,-0.007989466,0.00049268831,0.00048608762
0.01,16,inflation,15,-0.0073281654,-0.0073215617,0.00049950771,0.00048923208
0.01,17,inflation,16,-0.0065750039,-0.0065674055,0.00049769106,0.00048361352
0.01,18,inflation,17,-0.0057554396,-0.0057497207,0.00048826633,0.00047030961
0.01,19,inflation,18,-0.0048894397,-0.0048896807,0.00047229037,0.00045044129
0.01,20,inflation,19,-0.0039951758,-0.0040066055,0.00045081075,0.00042512989
0.01,21,output,0,-0.011924095,-0.011954153,-0.002990562,-0.0028589097
0.01,22,output,1,-0.021817975,-0.021829959,-0.0031494766,-0.0029993212
0.01,23,output,2,-0.02884192,-0.028842361,-0.0021418896,-0.0020165901
0.01,24,output,3,-0.033280443,-0.033275294,-0.00075944077,-0.00067583451
0.01,25,output,4,-0.035583364,-0.035569391,0.00035974867,0.0004120597
0.01,26,output,5,-0.036023415,-0.03599904,0.0011905305,0.0012194906
0.01,27,output,6,-0.034889547,-0.034854913,0.0017223372,0.0017351188
0.01,28,output,7,-0.032433024,-0.032393727,0.0019700106,0.0019737486
0.01,29,output,8,-0.028854089,-0.02882823,0.0020028293,0.0020027395
0.01,30,output,9,-0.024796581,-0.024787042,0.0019082912,0.0019067875
0.01,31,output,10,-0.020660446,-0.020663598,0.0017430027,0.0017410428
0.01,32,output,11,-0.016686373,-0.01669668,0.0015432786,0.001541117
0.01,33,output,12,-0.013011414,-0.013023705,0.001332094,0.0013296929
0.01,34,output,13,-0.0097056109,-0.0097160372,0.0011236568,0.0011208997
0.01,35,output,14,-0.0067961447,-0.0068024434,0.00092642367,0.00092321888
0.01,36,output,15,-0.0042832684,-0.0042846577,0.00074509389,0.000741416
0.01,37,output,16,-0.0021508133,-0.0021477231,0.00058192958,0.00057782902
0.01,38,output,17,-0.00037309978,-0.00036684356,0.00043763139,0.00043322728
0.01,39,output,18,0.0010805392,0.0010880922,0.00031191919,0.00030738479
0.01,40,output,19,0.0022428202,0.0022495438,0.00020391676,0.00019946253
0.02,1,inflation,0,-0.0008442299,-0.0008488353,-7.0900717e-05,-5.5038738e-05
0.02,2,inflation,1,-0.0019102688,-0.0019132895,-0.00012318802,-9.2508388e-05
0.02,3,inflation,2,-0.0031034176,-0.0031029174,-0.00013942865,-9.890659e-05
0.02,4,inflation,3,-0.0043365062,-0.0043332183,-0.0001187518,-7.3929801e-05
0.02,5,inflation,4,-0.0055338272,-0.0055293877,-6.9516213e-05,-2.4722359e-05
0.02,6,inflation,5,-0.0066310789,-0.0066271711,-1.1739661e-06,4.061487e-05
0.02,7,inflation,6,-0.0075767448,-0.0075747477,7.7118324e-05,0.00011408503
0.02,8,inflation,7,-0.0083330029,-0.0083339558,0.00015748857,0.00018872003
0.02,9,inflation,8,-0.0088769461,-0.0088814929,0.00023414463,0.00025928544
0.02,10,inflation,9,-0.0092027032,-0.0092103759,0.00030336928,0.00032229898
0.02,11,inflation,10,-0.0093163745,-0.0093254824,0.00036295835,0.00037560072
0.02,12,inflation,11,-0.0092319883,-0.0092400557,0.00041178829,0.00041802569
0.02,13,inflation,12,-0.0089685645,-0.008973009,0.00044950314,0.00044915541
0.02,14,inflation,13,-0.0085479763,-0.0085468319,0.00047628567,0.00046912588
0.02,15,inflation,14,-0.007993395,-0.0079859631,0.00049268831,0.00047847717
0.02,16,inflation,15,-0.0073281654,-0.0073155287,0.00049950771,0.00047803436
0.02,17,inflation,16,-0.0065750039,-0.006560374,0.00049769106,0.00046881272
0.02,18,inflation,17,-0.0057554396,-0.0057443337,0.00048826633,0.00045194218
0.02,19,inflation,18,-0.0048894397,-0.0048896968,0.00047229037,0.00042860726
0.02,20,inflation,19,-0.0039951758,-0.0040168321,0.00045081075,0.00039999979
0.02,21,output,0,-0.011924095,-0.011983853,-0.002990562,-0.0027280653
0.02,22,output,1,-0.021817975,-0.021842572,-0.0031494766,-0.0028494753
0.02,23,output,2,-0.02884192,-0.028843789,-0.0021418896,-0.0018910596
0.02,24,output,3,-0.033280443,-0.033270783,-0.00075944077,-0.00059139795
0.02,25,output,4,-0.035583364,-0.035555497,0.00035974867,0.00046530165
0.02,26,output,5,-0.036023415,-0.035974212,0.0011905305,0.0012492693
0.02,27,output,6,-0.034889547,-0.034819606,0.0017223372,0.0017485384
0.02,28,output,7,-0.032433024,-0.032353929,0.0019700106,0.0019779017
0.02,29,output,8,-0.028854089,-0.028801779,0.0020028293,0.0020028341
0.02,30,output,9,-0.024796581,-0.024776865,0.0019082912,0.0019052867
0.02,31,output,10,-0.020660446,-0.020666195,0.0017430027,0.0017389741
0.02,32,output,11,-0.016686373,-0.016706634,0.0015432786,0.0015388092
0.02,33,output,12,-0.013011414,-0.013035911,0.001332094,0.001327177
0.02,34,output,13,-0.0097056109,-0.0097266567,0.0011236568,0.0011181193
0.02,35,output,14,-0.0067961447,-0.0068091613,0.00092642367,0.00092013068
0.02,36,output,15,-0.0042832684,-0.0042865856,0.00074509389,0.00073803139
0.02,37,output,16,-0.0021508133,-0.0021451375,0.00058192958,0.00057422292
0.02,38,output,17,-0.00037309978,-0.00036086478,0.00043763139,0.00042953137
0.02,39,output,18,0.0010805392,0.0010958206,0.00031191919,0.00030377354
0.02,40,output,19,0.0022428202,0.0022571464,0.00020391676,0.000196137
0.03,1,inflation,0,-0.0008442299,-0.00084507168,-7.0900717e-05,-5.3109121e-05
0.03,2,inflation,1,-0.0019102688,-0.0019091981,-0.00012318802,-8.8499806e-05
0.03,3,inflation,2,-0.0031034176,-0.0031001829,-0.00013942865,-9.2907926e-05
0.03,4,inflation,3,-0.0043365062,-0.0043323849,-0.0001187518,-6.6226168e-05
0.03,5,inflation,4,-0.0055338272,-0.0055302949,-6.9516213e-05,-1.5712994e-05
0.03,6,inflation,5,-0.0066310789,-0.0066292866,-1.1739661e-06,5.0483027e-05
0.03,7,inflation,6,-0.0075767448,-0.0075774186,7.7118324e-05,0.00012436626
0.03,8,inflation,7,-0.0083330029,-0.0083365881,0.00015748857,0.00019900732
0.03,9,inflation,8,-0.0088769461,-0.0088836588,0.00023414463,0.00026923135
0.03,10,inflation,9,-0.0092027032,-0.0092118293,0.00030336928,0.00033162207
0.03,11,inflation,10,-0.0093163745,-0.0093261306,0.00036295835,0.00038408356
0.03,12,inflation,11,-0.0092319883,-0.0092399228,0.00041178829,0.00042550912
0.03,13,inflation,12,-0.0089685645,-0.0089722027,0.00044950314,0.00045553109
0.03,14,inflation,13,-0.0085479763,-0.0085455183,0.00047628567,0.00047432858
0.03,15,inflation,14,-0.007993395,-0.0079843511,0.00049268831,0.00048247742
0.03,16,inflation,15,-0.0073281654,-0.0073138624,0.00049950771,0.00048083199
0.03,17,inflation,16,-0.0065750039,-0.006558932,0.00049769106,0.00047043139
0.03,18,inflation,17,-0.0057554396,-0.0057434325,0.00048826633,0.00045242473
0.03,19,inflation,18,-0.0048894397,-0.0048896962,0.00047229037,0.00042801204
0.03,20,inflation,19,-0.0039951758,-0.0040181402,0.00045081075,0.00039839759
0.03,21,output,0,-0.011924095,-0.012015912,-0.002990562,-0.0025997712
0.03,22,output,1,-0.021817975,-0.021859429,-0.0031494766,-0.0027025911
0.03,23,output,2,-0.02884192,-0.028849374,-0.0021418896,-0.0017682103
0.03,24,output,3,-0.033280443,-0.033268764,-0.00075944077,-0.00050887107
0.03,25,output,4,-0.035583364,-0.035541772,0.00035974867,0.0005172061
0.03,26,output,5,-0.036023415,-0.03594719,0.0011905305,0.0012782478
0.03,27,output,6,-0.034889547,-0.034780304,0.0017223372,0.0017617131
0.03,28,output,7,-0.032433024,-0.032309218,0.0019700106,0.0019823418
0.03,29,output,8,-0.028854089,-0.028769952,0.0020028293,0.0020036979
0.03,30,output,9,-0.024796581,-0.024761659,0.0019082912,0.0019049701
0.03,31,output,10,-0.020660446,-0.020664918,0.0017430027,0.0017384277
0.03,32,output,11,-0.016686373,-0.016714461,0.0015432786,0.0015382796
0.03,33,output,12,-0.013011414,-0.013047992,0.001332094,0.0013266105
0.03,34,output,13,-0.0097056109,-0.0097390301,0.0011236568,0.0011173708
0.03,35,output,14,-0.0067961447,-0.0068190225,0.00092642367,0.00091906333
0.03,36,output,15,-0.0042832684,-0.0042922452,0.00074509389,0.00073655618
0.03,37,output,16,-0.0021508133,-0.0021458428,0.00058192958,0.00057230763
0.03,38,output,17,-0.00037309978,-0.00035658192,0.00043763139,0.00042719468
0.03,39,output,18,0.0010805392,0.0011046181,0.00031191919,0.00030107347
0.03,40,output,19,0.0022428202,0.0022696607,0.00020391676,0.00019315818
0.04,1,inflation,0,-0.0008442299,-0.0008409876,-7.0900717e-05,-5.1545862e-05
0.04,2,inflation,1,-0.0019102688,-0.0019048754,-0.00012318802,-8.5194715e-05
0.04,3,inflation,2,-0.0031034176,-0.0030974413,-0.00013942865,-8.7808537e-05
0.04,4,inflation,3,-0.0043365062,-0.0043317344,-0.0001187518,-5.9460583e-05
0.04,5,inflation,4,-0.0055338272,-0.0055314705,-6.9516213e-05,-7.5586008e-06
0.04,6,inflation,5,-0.0066310789,-0.0066316433,-1.1739661e-06,5.965885e-05
0.04,7,inflation,6,-0.0075767448,-0.0075802164,7.7118324e-05,0.00013416103
0.04,8,inflation,7,-0.0083330029,-0.0083391844,0.00015748857,0.00020902952
0.04,9,inflation,8,-0.0088769461,-0.0088856196,0.00023414463,0.00027913238
0.04,10,inflation,9,-0.0092027032,-0.0092129558,0.00030336928,0.00034111283
0.04,11,inflation,10,-0.0093163745,-0.0093264238,0.00036295835,0.00039293874
0.04,12,inflation,11,-0.0092319883,-0.0092395232,0.00041178829,0.0004335643
0.04,13,inflation,12,-0.0089685645,-0.008971326,0.00044950314,0.00046267586
0.04,14,inflation,13,-0.0085479763,-0.0085443998,0.00047628567,0.00048049795
0.04,15,inflation,14,-0.007993395,-0.0079832035,0.00049268831,0.00048764305
0.04,16,inflation,15,-0.0073281654,-0.0073128496,0.00049950771,0.00048499397
0.04,17,inflation,16,-0.0065750039,-0.006558157,0.00049769106,0.00047361103
0.04,18,inflation,17,-0.0057554396,-0.0057429377,0.00048826633,0.00045465869
0.04,19,inflation,18,-0.0048894397,-0.0048894729,0.00047229037,0.00042934758
0.04,20,inflation,19,-0.0039951758,-0.0040181446,0.00045081075,0.00039888901
0.04,21,output,0,-0.011924095,-0.012047539,-0.002990562,-0.0024725828
0.04,22,output,1,-0.021817975,-0.021876767,-0.0031494766,-0.0025563665
0.04,23,output,2,-0.02884192,-0.028855727,-0.0021418896,-0.0016454236
0.04,24,output,3,-0.033280443,-0.03326715,-0.00075944077,-0.00042572179
0.04,25,output,4,-0.035583364,-0.035527944,0.00035974867,0.00056993273
0.04,26,output,5,-0.036023415,-0.03591964,0.0011905305,0.0013080485
0.04,27,output,6,-0.034889547,-0.034740377,0.0017223372,0.0017756436
0.04,28,output,7,-0.032433024,-0.032264131,0.0019700106,0.0019874167
0.04,29,output,8,-0.028854089,-0.028737696,0.0020028293,0.0020050435
0.04,30,output,9,-0.024796581,-0.024745981,0.0019082912,0.0019049965
0.04,31,output,10,-0.020660446,-0.020663226,0.0017430027,0.0017381135
0.04,32,output,11,-0.016686373,-0.016722021,0.0015432786,0.001537898
0.04,33,output,12,-0.013011414,-0.013060006,0.001332094,0.0013261284
0.04,34,output,13,-0.0097056109,-0.0097515364,0.0011236568,0.001116657
0.04,35,output,14,-0.0067961447,-0.0068291748,0.00092642367,0.00091798879
0.04,36,output,15,-0.0042832684,-0.0042982812,0.00074509389,0.00073503486
0.04,37,output,16,-0.0021508133,-0.0021469184,0.00058192958,0.00057030668
0.04,38,output,17,-0.00037309978,-0.00035256509,0.00043763139,0.00042472968
0.04,39,output,18,0.0010805392,0.001113347,0.00031191919,0.00029819777
0.04,40,output,19,0.0022428202,0.0022823821,0.00020391676,0.00018995107
0.05,1,inflation,0,-0.0008442299,-0.0007811769,-7.0900717e-05,-7.0496436e-05
0.05,2,inflation,1,-0.0019102688,-0.0018333567,-0.00012318802,-0.00012146029
0.05,3,inflation,2,-0.0031034176,-0.0030420838,-0.00013942865,-0.00013398492
0.05,4,inflation,3,-0.0043365062,-0.0043060037,-0.0001187518,-0.00010765842
0.05,5,inflation,4,-0.0055338272,-0.005539319,-6.9516213e-05,-5.234781e-05
0.05,6,inflation,5,-0.0066310789,-0.0066704373,-1.1739661e-06,2.1465922e-05
0.05,7,inflation,6,-0.0075767448,-0.0076429128,7.7118324e-05,0.00010381026
0.05,8,inflation,7,-0.0083330029,-0.0084159106,0.00015748857,0.00018627802
0.05,9,inflation,8,-0.0088769461,-0.0089653049,0.00023414463,0.00026289077
0.05,10,inflation,9,-0.0092027032,-0.0092862597,0.00030336928,0.00033001859
0.05,11,inflation,10,-0.0093163745,-0.0093868871,0.00036295835,0.00038567114
0.05,12,inflation,11,-0.0092319883,-0.009283699,0.00041178829,0.00042899752
0.05,13,inflation,12,-0.0089685645,-0.0089983751,0.00044950314,0.00045993409
0.05,14,inflation,13,-0.0085479763,-0.0085554516,0.00047628567,0.00047895383
0.05,15,inflation,14,-0.007993395,-0.0079806669,0.00049268831,0.00048688625
0.05,16,inflation,15,-0.0073281654,-0.0072997763,0.00049950771,0.00048478667
0.05,17,inflation,16,-0.0065750039,-0.0065377114,0.00049769106,0.00047384075
0.05,18,inflation,17,-0.0057554396,-0.0057179933,0.00048826633,0.00045529425
0.05,19,inflation,18,-0.0048894397,-0.0048623363,0.00047229037,0.00043040147
0.05,20,inflation,19,-0.0039951758,-0.0039903961,0.00045081075,0.00040038745
0.05,21,output,0,-0.011924095,-0.011996624,-0.002990562,-0.0023402063
0.05,22,output,1,-0.021817975,-0.021778425,-0.0031494766,-0.0024123298
0.05,23,output,2,-0.02884192,-0.028753886,-0.0021418896,-0.0015354485
0.05,24,output,3,-0.033280443,-0.033192618,-0.00075944077,-0.00036400844
0.05,25,output,4,-0.035583364,-0.035492377,0.00035974867,0.00059706265
0.05,26,output,5,-0.036023415,-0.035927874,0.0011905305,0.0013123186
0.05,27,output,6,-0.034889547,-0.034792576,0.0017223372,0.0017675747
0.05,28,output,7,-0.032433024,-0.032360861,0.0019700106,0.0019764046
0.05,29,output,8,-0.028854089,-0.028886405,0.0020028293,0.0019973429
0.05,30,output,9,-0.024796581,-0.024937756,0.0019082912,0.0019029092
0.05,31,output,10,-0.020660446,-0.020882818,0.0017430027,0.0017417876
0.05,32,output,11,-0.016686373,-0.016953347,0.0015432786,0.0015464257
0.05,33,output,12,-0.013011414,-0.013288905,0.001332094,0.0013381933
0.05,34,output,13,-0.0097056109,-0.0099668896,0.0011236568,0.0011308961
0.05,35,output,14,-0.0067961447,-0.0070231091,0.00092642367,0.00093317835
0.05,36,output,15,-0.0042832684,-0.0044658981,0.00074509389,0.00075016938
0.05,37,output,16,-0.0021508133,-0.0022858171,0.00058192958,0.00058461707
0.05,38,output,17,-0.00037309978,-0.0004623135,0.00043763139,0.00043766865
0.05,39,output,18,0.0010805392,0.0010317112,0.00031191919,0.00030941007
0.05,40,output,19,0.0022428202,0.0022267821,0.00020391676,0.0001992389
0.06,1,inflation,0,-0.0008442299,-0.00071576659,-7.0900717e-05,-8.0210063e-05
0.06,2,inflation,1,-0.0019102688,-0.0017436598,-0.00012318802,-0.00014420098
0.06,3,inflation,2,-0.0031034176,-0.0029602028,-0.00013942865,-0.00016781368
0.06,4,inflation,3,-0.0043365062,-0.0042551134,-0.0001187518,-0.00014837338
0.06,5,inflation,4,-0.0055338272,-0.0055344816,-6.9516213e-05,-9.5892421e-05
0.06,6,inflation,5,-0.0066310789,-0.0067190067,-1.1739661e-06,-2.1433019e-05
0.06,7,inflation,6,-0.0075767448,-0.0077450837,7.7118324e-05,6.4149399e-05
0.06,8,inflation,7,-0.0083330029,-0.0085653124,0.00015748857,0.00015143445
0.06,9,inflation,8,-0.0088769461,-0.0091499779,0.00023414463,0.00023356608
0.06,10,inflation,9,-0.0092027032,-0.0094913122,0.00030336928,0.00030628886
0.06,11,inflation,10,-0.0093163745,-0.0095964736,0.00036295835,0.00036718118
0.06,12,inflation,11,-0.0092319883,-0.0094824423,0.00041178829,0.00041511001
0.06,13,inflation,12,-0.0089685645,-0.009172359,0.00044950314,0.00044984474
0.06,14,inflation,13,-0.0085479763,-0.0086928791,0.00047628567,0.00047178034
0.06,15,inflation,14,-0.007993395,-0.0080722525,0.00049268831,0.00048173626
0.06,16,inflation,15,-0.0073281654,-0.00733893,0.00049950771,0.00048080871
0.06,17,inflation,16,-0.0065750039,-0.0065205584,0.00049769106,0.00047026103
0.06,18,inflation,17,-0.0057554396,-0.0056432669,0.00048826633,0.00045144181
0.06,19,inflation,18,-0.0048894397,-0.004731176,0.00047229037,0.00042572352
0.06,20,inflation,19,-0.0039951758,-0.0038060772,0.00045081075,0.0003944567
0.06,21,output,0,-0.011924095,-0.011861324,-0.002990562,-0.0021962748
0.06,22,output,1,-0.021817975,-0.021546343,-0.0031494766,-0.0022568857
0.06,23,output,2,-0.02884192,-0.028505629,-0.0021418896,-0.0014206165
0.06,24,output,3,-0.033280443,-0.03299132,-0.00075944077,-0.0003057131
0.06,25,output,4,-0.035583364,-0.035375205,0.00035974867,0.00061385065
0.06,26,output,5,-0.036023415,-0.035917471,0.0011905305,0.001301973
0.06,27,output,6,-0.034889547,-0.034899005,0.0017223372,0.001743702
0.06,28,output,7,-0.032433024,-0.032587039,0.0019700106,0.0019512245
0.06,29,output,8,-0.028854089,-0.029235112,0.0020028293,0.0019792064
0.06,30,output,9,-0.024796581,-0.025390368,0.0019082912,0.0018953066
0.06,31,output,10,-0.020660446,-0.021411424,0.0017430027,0.0017452905
0.06,32,output,11,-0.016686373,-0.017528156,0.0015432786,0.0015599731
0.06,33,output,12,-0.013011414,-0.013882479,0.001332094,0.0013599268
0.06,34,output,13,-0.0097056109,-0.010556302,0.0011236568,0.0011586873
0.06,35,output,14,-0.0067961447,-0.0075907608,0.00092642367,0.00096494619
0.06,36,output,15,-0.0042832684,-0.0049995079,0.00074509389,0.00078405816
0.06,37,output,16,-0.0021508133,-0.0027779343,0.00058192958,0.00061908109
0.06,38,output,17,-0.00037309978,-0.00090958353,0.00043763139,0.00047149777
0.06,39,output,18,0.0010805392,0.00062937445,0.00031191919,0.0003417187
0.06,40,output,19,0.0022428202,0.0018670194,0.00020391676,0.00022943388
0.07,1,inflation,0,-0.0008442299,-0.00067367082,-7.0900717e-05,-9.1913806e-05
0.07,2,inflation,1,-0.0019102688,-0.0016867652,-0.00012318802,-0.00017358488
0.07,3,inflation,2,-0.0031034176,-0.0029102482,-0.00013942865,-0.00021432723
0.07,4,inflation,3,-0.0043365062,-0.0042280377,-0.0001187518,-0.00020814687
0.07,5,inflation,4,-0.0055338272,-0.0055414744,-6.9516213e-05,-0.00016453491
0.07,6,inflation,5,-0.0066310789,-0.0067669004,-1.1739661e-06,-9.4779076e-05
0.07,7,inflation,6,-0.0075767448,-0.0078364602,7.7118324e-05,-1.0285319e-05
0.07,8,inflation,7,-0.0083330029,-0.0086982325,0.00015748857,7.8730237e-05
0.07,9,inflation,8,-0.0088769461,-0.0093175607,0.00023414463,0.00016462308
0.07,10,inflation,9,-0.0092027032,-0.0096833419,0.00030336928,0.00024252736
0.07,11,inflation,10,-0.0093163745,-0.009800859,0.00036295835,0.00030956487
0.07,12,inflation,11,-0.0092319883,-0.0096861878,0.00041178829,0.00036425275
0.07,13,inflation,12,-0.0089685645,-0.0093622057,0.00044950314,0.00040608506
0.07,14,inflation,13,-0.0085479763,-0.0088557268,0.00047628567,0.00043523406
0.07,15,inflation,14,-0.007993395,-0.0081954395,0.00049268831,0.00045233483
0.07,16,inflation,15,-0.0073281654,-0.0074104223,0.00049950771,0.00045832818
0.07,17,inflation,16,-0.0065750039,-0.0065290834,0.00049769106,0.00045434541
0.07,18,inflation,17,-0.0057554396,-0.0055784146,0.00048826633,0.00044162298
0.07,19,inflation,18,-0.0048894397,-0.0045834804,0.00047229037,0.00042143932
0.07,20,inflation,19,-0.0039951758,-0.0035670859,0.00045081075,0.00039506803
0.07,21,output,0,-0.011924095,-0.011706043,-0.002990562,-0.0020614339
0.07,22,output,1,-0.021817975,-0.021261766,-0.0031494766,-0.0021102158
0.07,23,output,2,-0.02884192,-0.028166464,-0.0021418896,-0.0013128839
0.07,24,output,3,-0.033280443,-0.032663108,-0.00075944077,-0.00025364904
0.07,25,output,4,-0.035583364,-0.035103579,0.00035974867,0.00062318364
0.07,26,output,5,-0.036023415,-0.035736326,0.0011905305,0.0012822488
0.07,27,output,6,-0.034889547,-0.034830608,0.0017223372,0.0017088289
0.07,28,output,7,-0.032433024,-0.032645664,0.0019700106,0.0019143354
0.07,29,output,8,-0.028854089,-0.029432156,0.0020028293,0.0019499345
0.07,30,output,9,-0.024796581,-0.025714055,0.0019082912,0.0018783724
0.07,31,output,10,-0.020660446,-0.021837952,0.0017430027,0.001742248
0.07,32,output,11,-0.016686373,-0.018028961,0.0015432786,0.0015704142
0.07,33,output,12,-0.013011414,-0.014428813,0.001332094,0.0013823049
0.07,34,output,13,-0.0097056109,-0.011121952,0.0011236568,0.0011908729
0.07,35,output,14,-0.0067961447,-0.0081535104,0.00092642367,0.0010045949
0.07,36,output,15,-0.0042832684,-0.0055417592,0.00074509389,0.00082884632
0.07,37,output,16,-0.0021508133,-0.0032867843,0.00058192958,0.00066685051
0.07,38,output,17,-0.00037309978,-0.0013765639,0.00043763139,0.00052033711
0.07,39,output,18,0.0010805392,0.0002087513,0.00031191919,0.0003900023
0.07,40,output,19,0.0022428202,0.0014938111,0.00020391676,0.00027583228
0.08,1,inflation,0,-0.0008442299,-0.00066647796,-7.0900717e-05,-9.0218582e-05
0.08,2,inflation,1,-0.0019102688,-0.0016749477,-0.00012318802,-0.00017253531
0.08,3,inflation,2,-0.0031034176,-0.0029007595,-0.00013942865,-0.00021613633
0.08,4,inflation,3,-0.0043365062,-0.0042296544,-0.0001187518,-0.00021408396
0.08,5,inflation,4,-0.0055338272,-0.0055628965,-6.9516213e-05,-0.0001747079
0.08,6,inflation,5,-0.0066310789,-0.0068154583,-1.1739661e-06,-0.00010852361
0.08,7,inflation,6,-0.0075767448,-0.0079171365,7.7118324e-05,-2.6433118e-05
0.08,8,inflation,7,-0.0083330029,-0.008813002,0.00015748857,6.1578671e-05
0.08,9,inflation,8,-0.0088769461,-0.0094649366,0.00023414463,0.00014784272
0.08,10,inflation,9,-0.0092027032,-0.009858078,0.00030336928,0.00022729208
0.08,11,inflation,10,-0.0093163745,-0.0099943449,0.00036295835,0.00029676715
0.08,12,inflation,11,-0.0092319883,-0.009887125,0.00041178829,0.00035447716
0.08,13,inflation,12,-0.0089685645,-0.0095574099,0.00044950314,0.00039961587
0.08,14,inflation,13,-0.0085479763,-0.0090309541,0.00047628567,0.00043208357
0.08,15,inflation,14,-0.007993395,-0.0083361718,0.00049268831,0.0004522833
0.08,16,inflation,15,-0.0073281654,-0.0075025715,0.00049950771,0.00046096921
0.08,17,inflation,16,-0.0065750039,-0.0065595926,0.00049769106,0.00045913252
0.08,18,inflation,17,-0.0057554396,-0.0055357439,0.00048826633,0.0004479146
0.08,19,inflation,18,-0.0048894397,-0.0044579765,0.00047229037,0.0004285404
0.08,20,inflation,19,-0.0039951758,-0.0033512393,0.00045081075,0.00040226704
0.08,21,output,0,-0.011924095,-0.011533257,-0.002990562,-0.0019283745
0.08,22,output,1,-0.021817975,-0.020925736,-0.0031494766,-0.0019579783
0.08,23,output,2,-0.02884192,-0.027732006,-0.0021418896,-0.0011917992
0.08,24,output,3,-0.033280443,-0.032195049,-0.00075944077,-0.00018288257
0.08,25,output,4,-0.035583364,-0.034654073,0.00035974867,0.00065227152
0.08,26,output,5,-0.036023415,-0.035349733,0.0011905305,0.0012801844
0.08,27,output,6,-0.034889547,-0.034541695,0.0017223372,0.0016872994
0.08,28,output,7,-0.032433024,-0.032481283,0.0019700106,0.0018849838
0.08,29,output,8,-0.028854089,-0.02941435,0.0020028293,0.0019217202
0.08,30,output,9,-0.024796581,-0.025840723,0.0019082912,0.0018563886
0.08,31,output,10,-0.020660446,-0.022092741,0.0017430027,0.0017289499
0.08,32,output,11,-0.016686373,-0.018388148,0.0015432786,0.0015665002
0.08,33,output,12,-0.013011414,-0.014866012,0.001332094,0.0013873497
0.08,34,output,13,-0.0097056109,-0.011611229,0.0011236568,0.0012037808
0.08,35,output,14,-0.0067961447,-0.0086713371,0.00092642367,0.001023921
0.08,36,output,15,-0.0042832684,-0.0060681336,0.00074509389,0.00085302034
0.08,37,output,16,-0.0021508133,-0.0038057427,0.00058192958,0.00069432797
0.08,38,output,17,-0.00037309978,-0.001876273,0.00043763139,0.00054969701
0.08,39,output,18,0.0010805392,-0.00026381011,0.00031191919,0.00042000527
0.08,40,output,19,0.0022428202,0.0010527419,0.00020391676,0.00030544993
0.09,1,inflation,0,-0.0008442299,-0.00065817325,-7.0900717e-05,-8.5896053e-05
0.09,2,inflation,1,-0.0019102688,-0.0016591133,-0.00012318802,-0.00016520905
0.09,3,inflation,2,-0.0031034176,-0.0028835348,-0.00013942865,-0.00020805564
0.09,4,inflation,3,-0.0043365062,-0.0042198542,-0.0001187518,-0.00020707703
0.09,5,inflation,4,-0.0055338272,-0.0055697459,-6.9516213e-05,-0.00016954678
0.09,6,inflation,5,-0.0066310789,-0.0068470531,-1.1739661e-06,-0.0001051677
0.09,7,inflation,6,-0.0075767448,-0.0079793311,7.7118324e-05,-2.4266059e-05
0.09,8,inflation,7,-0.0083330029,-0.0089087288,0.00015748857,6.349943e-05
0.09,9,inflation,8,-0.0088769461,-0.0095938216,0.00023414463,0.00015052346
0.09,10,inflation,9,-0.0092027032,-0.010015998,0.00030336928,0.00023159701
0.09,11,inflation,10,-0.0093163745,-0.010173686,0.00036295835,0.00030331184
0.09,12,inflation,11,-0.0092319883,-0.010077436,0.00041178829,0.00036358668
0.09,13,inflation,12,-0.0089685645,-0.0097462518,0.00044950314,0.0004113252
0.09,14,inflation,13,-0.0085479763,-0.009204817,0.00047628567,0.00044616471
0.09,15,inflation,14,-0.007993395,-0.0084813661,0.00049268831,0.00046828789
0.09,16,inflation,15,-0.0073281654,-0.0076060401,0.00049950771,0.00047827922
0.09,17,inflation,16,-0.0065750039,-0.006609606,0.00049769106,0.00047701326
0.09,18,inflation,17,-0.0057554396,-0.0055224604,0.00048826633,0.00046556659
0.09,19,inflation,18,-0.0048894397,-0.0043738602,0.00047229037,0.0004451473
0.09,20,inflation,19,-0.0039951758,-0.0031913363,0.00045081075,0.00041703815
0.09,21,output,0,-0.011924095,-0.011343138,-0.002990562,-0.001804134
0.09,22,output,1,-0.021817975,-0.020537552,-0.0031494766,-0.0018119221
0.09,23,output,2,-0.02884192,-0.027198673,-0.0021418896,-0.0010715452
0.09,24,output,3,-0.033280443,-0.031578387,-0.00075944077,-0.00010823299
0.09,25,output,4,-0.035583364,-0.034010687,0.00035974867,0.00068693955
0.09,26,output,5,-0.036023415,-0.034732893,0.0011905305,0.0012831186
0.09,27,output,6,-0.034889547,-0.033997797,0.0017223372,0.001668549
0.09,28,output,7,-0.032433024,-0.032049675,0.0019700106,0.0018551028
0.09,29,output,8,-0.028854089,-0.029128571,0.0020028293,0.001889227
0.09,30,output,9,-0.024796581,-0.025710162,0.0019082912,0.0018266271
0.09,31,output,10,-0.020660446,-0.022111054,0.0017430027,0.0017049861
0.09,32,output,11,-0.016686373,-0.018539429,0.0015432786,0.0015497899
0.09,33,output,12,-0.013011414,-0.015129281,0.001332094,0.0013782399
0.09,34,output,13,-0.0097056109,-0.011963637,0.0011236568,0.0012018874
0.09,35,output,14,-0.0067961447,-0.0090903839,0.00092642367,0.0010284119
0.09,36,output,15,-0.0042832684,-0.0065331228,0.00074509389,0.00086282501
0.09,37,output,16,-0.0021508133,-0.0042986564,0.00058192958,0.00070828973
0.09,38,output,17,-0.00037309978,-0.0023822069,0.00043763139,0.00056668011
0.09,39,output,18,0.0010805392,-0.00077108436,0.00031191919,0.00043896648
0.09,40,output,19,0.0022428202,0.00055270386,0.00020391676,0.00032548258
0.1,1,inflation,0,-0.0008442299,-0.00064951961,-7.0900717e-05,-8.186268e-05
0.1,2,inflation,1,-0.0019102688,-0.0016413346,-0.00012318802,-0.00015819446
0.1,3,inflation,2,-0.0031034176,-0.0028611223,-0.00013942865,-0.00020005336
0.1,4,inflation,3,-0.0043365062,-0.0042000563,-0.0001187518,-0.00019979498
0.1,5,inflation,4,-0.0055338272,-0.0055606447,-6.9516213e-05,-0.00016380294
0.1,6,inflation,5,-0.0066310789,-0.0068562163,-1.1739661e-06,-0.0001010654
0.1,7,inflation,6,-0.0075767448,-0.0080127915,7.7118324e-05,-2.1378883e-05
0.1,8,inflation,7,-0.0083330029,-0.008970304,0.00015748857,6.592188e-05
0.1,9,inflation,8,-0.0088769461,-0.0096846614,0.00023414463,0.00015332884
0.1,10,inflation,9,-0.0092027032,-0.010134054,0.00030336928,0.00023554564
0.1,11,inflation,10,-0.0093163745,-0.010313804,0.00036295835,0.0003089751
0.1,12,inflation,11,-0.0092319883,-0.010231821,0.00041178829,0.00037130105
0.1,13,inflation,12,-0.0089685645,-0.0099051389,0.00044950314,0.00042118359
0.1,14,inflation,13,-0.0085479763,-0.009357227,0.00047628567,0.00045803214
0.1,15,inflation,14,-0.007993395,-0.0086158741,0.00049268831,0.00048183255
0.1,16,inflation,15,-0.0073281654,-0.0077114953,0.00049950771,0.00049301211
0.1,17,inflation,16,-0.0065750039,-0.0066757683,0.00049769106,0.00049233187
0.1,18,inflation,17,-0.0057554396,-0.0055405323,0.00048826633,0.00048079896
0.1,19,inflation,18,-0.0048894397,-0.0043369013,0.00047229037,0.00045959415
0.1,20,inflation,19,-0.0039951758,-0.0030945576,0.00045081075,0.00043001123
0.1,21,output,0,-0.011924095,-0.011150131,-0.002990562,-0.0016933789
0.1,22,output,1,-0.021817975,-0.020121285,-0.0031494766,-0.0016793315
0.1,23,output,2,-0.02884192,-0.026594429,-0.0021418896,-0.00096038675
0.1,24,output,3,-0.033280443,-0.030839453,-0.00075944077,-3.7881468e-05
0.1,25,output,4,-0.035583364,-0.0331934,0.00035974867,0.00071963535
0.1,26,output,5,-0.036023415,-0.033895831,0.0011905305,0.0012843907
0.1,27,output,6,-0.034889547,-0.033196623,0.0017223372,0.0016469154
0.1,28,output,7,-0.032433024,-0.031335145,0.0019700106,0.0018200837
0.1,29,output,8,-0.028854089,-0.028545868,0.0020028293,0.0018489509
0.1,30,output,9,-0.024796581,-0.02528145,0.0019082912,0.001786652
0.1,31,output,10,-0.020660446,-0.021842085,0.0017430027,0.0016689289
0.1,32,output,11,-0.016686373,-0.018424656,0.0015432786,0.0015198085
0.1,33,output,12,-0.013011414,-0.015155808,0.001332094,0.0013554112
0.1,34,output,13,-0.0097056109,-0.01211425,0.0011236568,0.0011865066
0.1,35,output,14,-0.0067961447,-0.0093458324,0.00092642367,0.0010202295
0.1,36,output,15,-0.0042832684,-0.006873798,0.00074509389,0.00086123457
0.1,37,output,16,-0.0021508133,-0.0047057709,0.00058192958,0.0007124732
0.1,38,output,17,-0.00037309978,-0.0028385759,0.00043763139,0.00057571907
0.1,39,output,18,0.0010805392,-0.0012615887,0.00031191919,0.00045192456
0.1,40,output,19,0.0022428202,4.0902251e-05,0.00020391676,0.00034146422
